link,mass_kg,servo_kg,hull_cm3,com_x,com_y,com_z,ixx,iyy,izz,ixy,ixz,iyz,note
stand_link,6.88,0.0,50514.3,-0.0,-0.0009,0.32535,4.683e-01,4.683e-01,8.001e-02,-1.284e-18,1.345e-07,1.084e-17,IKEA catalog
torso_y_link,5.7508,0.718,20745.9,-0.00264,0.03767,0.19659,1.010e-01,1.207e-01,7.273e-02,-2.771e-04,-2.049e-03,-4.755e-03,estimate
torso_bottom_link,2.3623,0.304,8484.5,-0.00023,0.05393,0.09133,1.613e-02,1.751e-02,2.597e-02,-2.338e-06,4.932e-07,-1.874e-03,estimate
torso_z_link,1.5346,0.0,6326.0,-0.00204,0.00129,0.06518,1.042e-02,5.841e-03,1.071e-02,-8.966e-06,3.653e-04,4.302e-05,estimate
NewHead_origin,1.164,0.155,4159.4,-0.00072,0.04059,0.02667,5.571e-03,4.323e-03,4.397e-03,2.876e-05,-3.778e-05,4.223e-04,estimate
right_elbow_x_link,1.0634,0.33,3023.0,0.00345,-0.04878,-0.09797,1.131e-02,1.050e-02,1.970e-03,3.422e-05,5.133e-04,-2.118e-03,estimate
left_elbow_x_link,1.0634,0.33,3023.0,-0.00345,-0.04836,-0.09905,1.098e-02,1.017e-02,1.975e-03,-3.635e-05,-5.079e-04,-2.176e-03,estimate
left_shoulder_z_link,0.5499,0.152,1640.3,-0.00013,0.0028,-0.09701,2.889e-03,2.604e-03,1.202e-03,-1.476e-05,1.944e-05,3.280e-04,estimate
right_shoulder_z_link,0.5499,0.152,1640.3,0.00149,0.00298,-0.09715,2.892e-03,2.607e-03,1.202e-03,1.476e-05,-1.953e-05,3.309e-04,estimate
right_shoulder_x_link,0.4364,0.152,1172.3,-0.04925,0.01757,-0.03007,1.012e-03,8.099e-04,1.087e-03,-4.477e-06,-1.228e-04,1.215e-04,estimate
left_shoulder_x_link,0.4347,0.152,1165.2,0.04917,0.01789,-0.03029,1.003e-03,8.056e-04,1.081e-03,2.658e-06,1.242e-04,1.166e-04,estimate
left_shoulder_y_link,0.1915,0.0,789.5,-0.01031,0.02715,-0.0571,5.081e-04,2.162e-04,3.499e-04,1.574e-06,-2.243e-06,5.848e-05,estimate
right_shoulder_y_link,0.1915,0.0,789.5,0.01031,0.02715,-0.0571,5.081e-04,2.162e-04,3.499e-04,-1.574e-06,2.242e-06,5.848e-05,estimate
i02_head_jaw,0.1841,0.0,758.9,0.00354,-0.03966,-0.03894,3.652e-04,3.152e-04,4.019e-04,-1.252e-08,-6.528e-09,-1.432e-04,estimate
left_wrist_z_link,0.1824,0.0,751.9,0.00311,0.00695,-0.08749,4.228e-04,4.691e-04,1.782e-04,6.396e-05,2.427e-06,5.081e-06,estimate
right_wrist_z_link,0.168,0.0,692.4,-0.00357,0.0059,-0.08401,3.825e-04,4.261e-04,1.624e-04,-5.729e-05,-7.481e-06,-3.407e-06,estimate
neck_link,0.1227,0.055,279.1,-0.00019,-0.00997,0.00777,7.866e-05,1.054e-04,1.577e-04,5.402e-09,-3.203e-08,-5.050e-07,estimate
i02_head_eyeAssembly_origin,0.0346,0.0,142.5,-0.00012,0.01056,0.0104,1.891e-05,5.973e-05,7.537e-05,-2.377e-21,2.019e-21,1.989e-06,estimate
i02_head_right_eye_vertical,0.0056,0.0,23.2,-0.00213,0.01107,-0.00016,5.675e-07,5.318e-07,4.437e-07,-6.190e-10,1.497e-08,2.737e-10,estimate
i02_head_left_eye_vertical,0.0056,0.0,23.2,0.00213,-0.01107,0.00016,5.675e-07,5.318e-07,4.437e-07,-5.807e-10,1.497e-08,2.722e-10,estimate
i02_rightHand_ThumbMid,0.0056,0.0,22.9,-0.01469,-0.01302,-0.00109,8.986e-07,9.710e-07,1.498e-06,-5.572e-07,-4.691e-08,-5.140e-08,estimate
i02_leftHand_ThumbMid,0.0056,0.0,22.9,0.01475,-0.01283,-0.00076,8.986e-07,9.710e-07,1.498e-06,5.572e-07,4.691e-08,-5.140e-08,estimate
i02_rightHand_ringFingerPhal,0.0052,0.0,21.3,0.00128,-0.00626,-0.0157,1.328e-06,1.186e-06,4.662e-07,4.266e-08,6.766e-08,-3.414e-07,estimate
i02_rightHand_pinkyPhal,0.0052,0.0,21.3,0.00279,-0.00579,-0.01501,1.313e-06,1.216e-06,4.502e-07,6.098e-08,1.305e-07,-3.035e-07,estimate
i02_rightHand_indexPhal,0.0052,0.0,21.3,-0.00077,-0.008,-0.0151,1.331e-06,1.118e-06,5.305e-07,-1.214e-08,-5.606e-08,-4.014e-07,estimate
i02_leftHand_ringFingerPhal,0.0052,0.0,21.3,-0.00159,-0.00615,-0.01528,1.328e-06,1.186e-06,4.662e-07,-4.266e-08,-6.766e-08,-3.414e-07,estimate
i02_leftHand_pinkyPhal,0.0052,0.0,21.3,-0.00314,-0.00566,-0.01494,1.313e-06,1.216e-06,4.502e-07,-6.098e-08,-1.305e-07,-3.035e-07,estimate
i02_leftHand_indexPhal,0.0052,0.0,21.3,0.00071,-0.00786,-0.01485,1.331e-06,1.118e-06,5.305e-07,1.214e-08,5.606e-08,-4.014e-07,estimate
i02_rightHand_majeurePhal,0.0052,0.0,21.3,0.00024,-0.00713,-0.01516,1.334e-06,1.150e-06,4.954e-07,1.614e-08,5.517e-10,-3.766e-07,estimate
i02_leftHand_majeurePhal,0.0052,0.0,21.3,-0.00052,-0.00713,-0.01502,1.334e-06,1.150e-06,4.954e-07,-1.614e-08,-5.516e-10,-3.766e-07,estimate
i02_head_upper_lip,0.0044,0.0,18.0,0.0124,-0.03086,-0.0103,6.509e-07,5.521e-07,6.134e-07,1.207e-07,3.827e-08,-1.342e-07,estimate
i02_rightHand_ThumbTip,0.0034,0.0,14.1,-0.00997,-0.01405,-0.0027,5.248e-07,3.284e-07,6.694e-07,-2.357e-07,-4.044e-08,-5.825e-08,estimate
i02_leftHand_ThumbTip,0.0034,0.0,14.1,0.00988,-0.01402,-0.00274,5.248e-07,3.284e-07,6.694e-07,2.357e-07,4.044e-08,-5.825e-08,estimate
i02_rightHand_ringFingerMid,0.0029,0.0,12.0,0.00072,-0.00512,-0.01378,4.688e-07,4.198e-07,1.855e-07,1.439e-08,2.581e-08,-1.174e-07,estimate
i02_rightHand_indexMid,0.0029,0.0,12.0,-0.00136,-0.0063,-0.01317,4.707e-07,3.968e-07,2.067e-07,-4.118e-09,-1.521e-08,-1.371e-07,estimate
i02_rightHand_majeureMid,0.0029,0.0,12.0,-0.0002,-0.00571,-0.01336,4.713e-07,4.077e-07,1.951e-07,5.428e-09,3.546e-09,-1.290e-07,estimate
i02_rightHand_pinkyMid,0.0029,0.0,12.0,0.00149,-0.00459,-0.01373,4.636e-07,4.304e-07,1.802e-07,2.061e-08,4.660e-08,-1.049e-07,estimate
i02_leftHand_indexMid,0.0029,0.0,12.0,0.00131,-0.00628,-0.01294,4.707e-07,3.968e-07,2.067e-07,4.118e-09,1.521e-08,-1.371e-07,estimate
i02_leftHand_ringFingerMid,0.0029,0.0,12.0,-0.00057,-0.00518,-0.0137,4.688e-07,4.198e-07,1.855e-07,-1.439e-08,-2.581e-08,-1.174e-07,estimate
i02_leftHand_pinkyMid,0.0029,0.0,12.0,-0.00167,-0.00461,-0.01364,4.636e-07,4.304e-07,1.802e-07,-2.061e-08,-4.660e-08,-1.049e-07,estimate
i02_leftHand_majeureMid,0.0029,0.0,12.0,0.00048,-0.00561,-0.01325,4.713e-07,4.077e-07,1.951e-07,-5.428e-09,-3.547e-09,-1.290e-07,estimate
i02_rightHand_indexTip,0.0027,0.0,11.2,-0.00117,-0.00541,-0.01221,3.394e-07,3.088e-07,1.686e-07,-1.183e-08,-1.103e-08,-8.102e-08,estimate
i02_leftHand_indexTip,0.0027,0.0,11.2,0.0011,-0.00535,-0.01196,3.394e-07,3.088e-07,1.686e-07,1.183e-08,1.103e-08,-8.102e-08,estimate
i02_head_right_eyebrow,0.0026,0.0,10.6,0.00353,-0.00371,-0.00284,1.970e-07,3.076e-07,3.122e-07,9.858e-08,-2.909e-08,1.373e-08,estimate
i02_head_left_eyebrow,0.0024,0.0,10.0,-0.0041,-0.00563,-0.00269,1.849e-07,2.636e-07,2.657e-07,-8.537e-08,2.047e-08,1.113e-08,estimate
i02_rightHand_majeureTip,0.0022,0.0,9.1,-0.0006,-0.00539,-0.0132,3.208e-07,2.854e-07,1.166e-07,-2.958e-09,-1.205e-09,-8.769e-08,estimate
i02_leftHand_majeureTip,0.0022,0.0,9.1,0.00048,-0.00559,-0.01334,3.208e-07,2.854e-07,1.166e-07,2.958e-09,1.205e-09,-8.769e-08,estimate
i02_head_right_bottom_eyelid,0.0022,0.0,8.9,-0.00805,0.01132,0.00401,2.182e-07,1.143e-07,2.366e-07,2.092e-10,8.558e-12,6.141e-10,estimate
i02_head_left_bottom_eyelid,0.0022,0.0,8.9,0.00805,0.01132,0.00401,2.182e-07,1.143e-07,2.366e-07,-2.092e-10,-8.555e-12,6.141e-10,estimate
i02_head_left_top_eyelid,0.0021,0.0,8.8,-0.0083,0.01118,0.00403,2.098e-07,1.119e-07,2.267e-07,1.834e-10,-1.865e-10,7.816e-10,estimate
i02_head_right_top_eyelid,0.0021,0.0,8.8,0.0083,0.01118,0.00403,2.098e-07,1.119e-07,2.267e-07,-1.834e-10,1.865e-10,7.816e-10,estimate
i02_rightHand_pinkyTip,0.0018,0.0,7.5,0.00084,-0.00332,-0.01066,1.911e-07,1.826e-07,7.707e-08,3.386e-09,1.513e-08,-3.665e-08,estimate
i02_rightHand_ringFingerTip,0.0018,0.0,7.5,0.00035,-0.00397,-0.01029,1.926e-07,1.791e-07,7.912e-08,1.220e-09,7.137e-09,-4.154e-08,estimate
i02_leftHand_pinkyTip,0.0018,0.0,7.5,-0.00108,-0.00318,-0.01047,1.911e-07,1.826e-07,7.707e-08,-3.386e-09,-1.513e-08,-3.665e-08,estimate
i02_leftHand_ringFingerTip,0.0018,0.0,7.5,-0.00015,-0.00354,-0.01042,1.926e-07,1.791e-07,7.912e-08,-1.220e-09,-7.136e-09,-4.154e-08,estimate
i02_head_left_forehead,0.0012,0.0,4.8,0.00264,0.00116,-0.01208,1.204e-07,1.549e-07,6.064e-08,-1.050e-08,-2.636e-08,-2.925e-08,estimate
i02_head_right_forehead,0.0012,0.0,4.8,-0.00264,0.00116,-0.01208,1.204e-07,1.549e-07,6.063e-08,1.050e-08,2.635e-08,-2.924e-08,estimate
i02_head_right_cheek,0.0011,0.0,4.5,0.00445,-0.02169,0.00119,1.699e-07,2.370e-08,1.633e-07,1.585e-08,1.543e-09,7.485e-09,estimate
i02_head_left_cheek,0.0011,0.0,4.5,-0.00441,-0.02166,0.00131,1.699e-07,2.370e-08,1.633e-07,-1.585e-08,-1.543e-09,7.485e-09,estimate
i01_head_neck_001_link,0.001,0,0,0,0,0,1.000e-09,1.000e-09,1.000e-09,0.000e+00,0.000e+00,0.000e+00,no geometry
i01_head_rothead_link,0.001,0,0,0,0,0,1.000e-09,1.000e-09,1.000e-09,0.000e+00,0.000e+00,0.000e+00,no geometry
i02_head_left_eye_horizontal,0.0002,0.0,0.9,-6e-05,4e-05,0.00266,1.566e-09,9.344e-09,8.909e-09,-4.067e-16,-2.527e-14,2.465e-11,estimate
i02_head_right_eye_horizontal,0.0002,0.0,0.9,6e-05,4e-05,0.00266,1.566e-09,9.344e-09,8.909e-09,3.728e-16,2.546e-14,2.465e-11,estimate
